image_id,original_filename,original_path,original_width,original_height,file_type,description,source,licence,creator,date,creator_country,cultural_context,registered_at,keypoints_detected,lab_l,lab_a,lab_b,tensor_shape,device,cropped_filename,crop_x,crop_y,crop_size,crop_lab_l,crop_lab_a,crop_lab_b
FV001,grand_tour.jpg,./project/images/original/FV001_grand_tour.jpg,2607,3886,JPEG,,The Grand Tour - JPL Travel Poster,NASA/JPL,NASA/JPL,"Dec. 24, 2019","California, USA","NASA's Voyager mission took advantage of a once-every-175-year alignment of the outer planets for a grand tour of the solar system. The twin spacecraft revealed details about Jupiter, Saturn, Uranus and Neptune – using each planet's gravity to send them on to the next destination. Voyager set the stage for such ambitious orbiter missions as Galileo to Jupiter and Cassini to Saturn. Today both Voyager spacecraft continue to return valuable science from the far reaches of our solar system.",2026-09-26T21:54:45,500,62.7,3.43,13.89,"[1, 3, 224, 224]",cpu,FV001_cropped.jpg,305.0,716.0,1945.0,50.03,-4.62,13.58
FV002,mars.jpg,./project/images/original/FV002_mars.jpg,2607,3887,JPEG,,Mars - JPL Travel Poster,NASA/JPL,NASA/JPL,"Dec. 24, 2020","California, USA","NASA's Mars Exploration Program seeks to understand whether Mars was, is, or can be a habitable world. Missions like Mars Pathfinder, Mars Exploration Rovers, Mars Science Laboratory and Mars Reconnaissance Orbiter, among many others, have provided important information in understanding of the habitability of Mars. This poster imagines a future day when we have achieved our vision of human exploration of Mars and takes a nostalgic look back at the great imagined milestones of Mars exploration that will someday be celebrated as “historic sites.”",2026-09-26T22:01:43,500,51.92,40.74,32.54,"[1, 3, 224, 224]",cpu,FV002_cropped.jpg,77.0,605.0,2490.0,50.21,32.76,21.1
FV003,earth.jpg,./project/images/original/FV003_earth.jpg,2098,3128,JPEG,,Earth - JPL Travel Poster,NASA/JPL,NASA/JPL,"Dec. 24, 2019","California, USA","There's no place like home. Warm, wet and with an atmosphere that's just right, Earth is the only place we know of with life – and lots of it. JPL's Earth science missions monitor our home planet and how it's changing so it can continue to provide a safe haven as we reach deeper into the cosmos.",2026-09-26T22:04:46,500,54.39,-8.68,16.86,"[1, 3, 224, 224]",cpu,FV003_cropped.jpg,0.0,402.0,2084.0,60.15,-10.6,21.44
FV004,venus.jpg,./project/images/original/FV004_venus.jpg,2098,3131,JPEG,,Venus - JPL Travel Poster,NASA/JPL,NASA/JPL,"Dec. 24, 2020","California, USA",The rare science opportunity of planetary transits has long inspired bold voyages to exotic vantage points – journeys such as James Cook's trek to the South Pacific to watch Venus and Mercury cross the face of the Sun in 1769. Spacecraft now allow us the luxury to study these cosmic crossings at times of our choosing from unique locales across our solar system.,2026-09-26T22:06:36,500,90.42,3.57,9.0,"[1, 3, 224, 224]",cpu,FV004_cropped.jpg,225.0,532.0,1638.0,89.41,3.76,11.22
FV005,ceres.jpg,./project/images/original/FV005_ceres.jpg,2097,3130,JPEG,,Ceres - JPL Travel Poster,NASA/JPL,NASA/JPL,"Dec. 24, 2020","California, USA","Ceres is the closest dwarf planet to the Sun. It is the largest object in the main asteroid belt between Mars and Jupiter, with an equatorial diameter of about 965 kilometers. After being studied with telescopes for more than two centuries, Ceres became the first dwarf planet to be explored by a spacecraft, when NASA's Dawn probe arrived in orbit in March 2015. Dawn's ongoing detailed observations are revealing intriguing insights into the nature of this mysterious world of ice and rock.",2026-09-26T22:08:09,500,45.15,-1.56,-6.92,"[1, 3, 224, 224]",cpu,FV005_cropped.jpg,0.0,820.0,2093.0,54.11,-1.29,-6.18
FV006,jupiter.jpg,./project/images/original/FV006_jupiter.jpg,2098,3130,JPEG,,Jupiter - JPL Travel Poster,NASA/JPL,NASA/JPL,"Dec. 24, 2020","California, USA","The Jovian cloudscape boasts the most spectacular light show in the solar system, with northern and southern lights to dazzle even the most jaded space traveler. Jupiter's auroras are hundreds of times more powerful than Earth's, and they form a glowing ring around each pole that's bigger than our home planet. Revolving outside this auroral oval are the glowing, electric “footprints” of Jupiter's three largest moons. NASA's Juno mission will observe Jupiter's auroras from above the polar regions, studying them in a way never before possible.",2026-09-26T22:09:25,500,25.0,7.86,-12.72,"[1, 3, 224, 224]",cpu,FV006_cropped.jpg,134.0,706.0,1798.0,31.4,8.41,-17.56
FV007,enceladus.jpg,./project/images/original/FV007_enceladus.jpg,2098,3130,JPEG,,Enceladus - JPL Travel Poster,NASA/JPL,NASA/JPL,"Dec. 24, 2020","California, USA",The discovery of Enceladus' icy jets and their role in creating Saturn's E-ring is one of the top findings of the Cassini mission to Saturn. Further Cassini mission discoveries revealed strong evidence of a global ocean and the first signs of potential hydrothermal activity beyond Earth – making this tiny Saturnian moon one of the leading locations in the search for possible life beyond Earth.,2026-09-26T22:10:37,500,38.44,7.06,2.94,"[1, 3, 224, 224]",cpu,FV007_cropped.jpg,87.0,661.0,1881.0,35.66,9.2,3.55
FV008,titan.jpg,./project/images/original/FV008_titan.jpg,2098,3130,JPEG,,Titan - JPL Travel Poster,NASA/JPL,NASA/JPL,"Dec. 24, 2020","California, USA","Frigid and alien, yet similar to our own planet billions of years ago, Saturn's largest moon, Titan, has a thick atmosphere, organic-rich chemistry and a surface shaped by rivers and lakes of liquid ethane and methane. Cold winds sculpt vast regions of hydrocarbon-rich dunes. There may even be cryovolcanoes of cold liquid water. NASA's Cassini orbiter was designed to peer through Titan's perpetual haze and unravel the mysteries of this planet-like moon.",2026-09-26T22:12:34,500,28.3,6.95,24.61,"[1, 3, 224, 224]",cpu,FV008_cropped.jpg,40.0,0.0,2028.0,41.33,9.45,35.82
FV009,europa.jpg,./project/images/original/FV009_europa.jpg,2098,3130,JPEG,,Europa - JPL Travel Poster,NASA/JPL,NASA/JPL,"Dec. 24, 2020","California, USA","Astonishing geology and the potential to host the conditions for simple life make Jupiter's moon Europa a fascinating destination for future exploration. Beneath its icy surface, Europa is believed to conceal a global ocean of salty liquid water twice the volume of Earth's oceans. Tugging and flexing from Jupiter's gravity generates enough heat to keep the ocean from freezing. On Earth, wherever we find water, we find life. What will NASA's Europa mission find when it heads for this intriguing moon in the 2020s",2026-09-26T22:14:22,500,22.25,2.35,-17.36,"[1, 3, 224, 224]",cpu,FV009_cropped.jpg,345.0,536.0,1750.0,36.04,3.3,-28.31
FV010,51pegasib.jpg,./project/images/original/FV010_51pegasib.jpg,1200,1789,JPEG,,51 Pegasi b - JPL Travel Poster,NASA/JPL,NASA/JPL,"Dec. 24, 2020","California, USA","While there is much debate over which exoplanet discovery is considered the ""first,"" one stands out from the rest. In 1995, scientists discovered 51 Pegasi b, forever changing the way we see the universe and our place in it. The exoplanet is about half the mass of Jupiter, with a seemingly impossible, star-hugging orbit of only 4.2 Earth days. Not only was it the first planet confirmed to orbit a sun-like star, it also ushered in a whole new class of planets called Hot Jupiters: hot, massive planets orbiting closer to their stars than Mercury. Today, powerful observatories like NASA's Kepler space telescope will continue the hunt of distant planets.",2026-09-26T22:16:34,500,43.63,12.35,13.21,"[1, 3, 224, 224]",cpu,FV010_cropped.jpg,10.0,171.0,1190.0,49.13,14.66,20.77
FV011,superearth.jpg,./project/images/original/FV011_superearth.jpg,1200,1789,JPEG,,Super Earth - JPL Travel Poster,NASA/JPL,NASA/JPL,"Dec. 24, 2020","California, USA","Twice as big in volume as the Earth, HD 40307g straddles the line between ""Super-Earth"" and ""mini-Neptune"" and scientists aren't sure if it has a rocky surface or one that's buried beneath thick layers of gas and ice. One thing is certain though: at eight time the Earth's mass, its gravitational pull is much, much stronger.",2026-09-26T22:17:34,500,58.42,-4.24,6.4,"[1, 3, 224, 224]",cpu,FV011_cropped.jpg,35.0,278.0,1143.0,70.31,-3.77,15.82
FV012,kepler16b.jpg,./project/images/original/FV012_kepler16b.jpg,1200,1789,JPEG,,Kepler-16b - JPL Travel Poster,NASA/JPL,NASA/JPL,"Dec. 24, 2020","California, USA","Like Luke Skywalker's planet ""Tatooine"" in Star Wars, Kepler-16b orbits a pair of stars. Depicted here as a terrestrial planet, Kepler-16b might also be a gas giant like Saturn. Prospects for life on this unusual world aren't good, as it has a temperature similar to that of dry ice. But the discovery indicates that the movie's iconic double-sunset is anything but science fiction.",2026-09-26T22:19:05,500,63.3,15.87,25.06,"[1, 3, 224, 224]",cpu,FV012_cropped.jpg,46.0,431.0,1128.0,68.74,16.09,17.97
FV013,kepler186f.jpg,./project/images/original/FV013_kepler186f.jpg,1200,1789,JPEG,,Kepler-186f - JPL Travel Poster,NASA/JPL,NASA/JPL,"Dec. 24, 2020","California, USA","Kepler-186f is the first Earth-size planet discovered in the potentially 'habitable zone' around another star, where liquid water could exist on the planet's surface. Its star is much cooler and redder than our Sun. If plant life does exist on a planet like Kepler-186f, its photosynthesis could have been influenced by the star's red-wavelength photons, making for a color palette that's very different than the greens on Earth. This discovery was made by Kepler, NASA's planet hunting telescope",2026-09-26T22:20:41,500,51.09,31.87,24.1,"[1, 3, 224, 224]",cpu,FV013_cropped.jpg,86.0,339.0,1074.0,52.31,40.17,26.29
FV014,nightlife.jpg,./project/images/original/FV014_nightlife.jpg,1200,1789,JPEG,,PSO J318.5-22 - JPL Travel Poster,NASA/JPL,NASA/JPL,"Dec. 24, 2020","California, USA","Discovered in October 2013 using direct imaging, PSO J318.5-22 belongs to a special class of planets called rogue, or free-floating, planets. Wandering alone in the galaxy, they do not orbit a parent star. Not much is known about how these planets come to exist, but scientists theorize that they may be either failed stars or planets ejected from very young systems after an encounter with another planet. These rogue planets glow faintly from the heat of their formation. Once they cool down, they will be dancing in the dark.",2026-09-26T22:22:07,500,21.21,7.38,-14.78,"[1, 3, 224, 224]",cpu,FV014_cropped.jpg,0.0,115.0,1200.0,22.44,6.6,-13.77
FV015,trappist.jpg,./project/images/original/FV015_trappist.jpg,1200,1789,JPEG,,TRAPPIST-1e - JPL Travel Poster,NASA/JPL,NASA/JPL,"Dec. 24, 2020","California, USA","Some 40 light-years from Earth, a planet called TRAPPIST-1e offers a heart-stopping view: brilliant objects in a red sky, looming like larger and smaller versions of our own moon. But these are no moons. They are Earth-sized planets in a spectacular planetary system outside our own. These seven rocky worlds huddle around their small, dim, red star, like a family around a campfire. Any of them could harbor liquid water, but the planet shown here, fourth from the TRAPPIST-1 star, is in the habitable zone, the area around the star where liquid water is most likely to be detected. This system was revealed by the TRAnsiting Planets and PlanetesImals Small Telescope (TRAPPIST) and NASA’s Spitzer Space Telescope. The planets are also excellent targets for NASA’s James Webb Space Telescope. Take a planet-hopping excursion through the TRAPPIST-1 system.",2026-09-26T22:23:27,500,15.15,13.02,-4.48,"[1, 3, 224, 224]",cpu,FV015_cropped.jpg,0.0,150.0,1193.0,18.71,17.99,-4.3
FV016,atomic-clock-red_dVjcFPU.jpg,./project/images/original/FV016_atomic-clock-red_dVjcFPU.jpg,1000,1500,JPEG,,Deep Space Atomic Clock Poster - red version,NASA/JPL-Caltech,NASA/JPL-Caltech,"June 2, 2021","California, USA","Deep Space Atomic Clock. Better clocks, better navigation, better science.",2026-09-26T22:25:37,500,35.51,9.53,2.08,"[1, 3, 224, 224]",cpu,FV016_cropped.jpg,5.0,261.0,990.0,26.81,15.35,1.76
FV017,atomic-clock-orange.jpg,./project/images/original/FV017_atomic-clock-orange.jpg,3529,5292,JPEG,,Deep Space Atomic Clock Poster - orange version,NASA/JPL-Caltech,NASA/JPL-Caltech,"June 2, 2021","California, USA","Deep Space Atomic Clock. Better clocks, better navigation, better science.",2026-09-26T22:29:30,500,40.4,6.71,9.08,"[1, 3, 224, 224]",cpu,FV017_cropped.jpg,0.0,892.0,3529.0,33.94,12.45,11.62
FV018,atomic-clock-blue.jpg,./project/images/original/FV018_atomic-clock-blue.jpg,3529,5292,JPEG,,Deep Space Atomic Clock Poster - blue version,Credit NASA/JPL-Caltech,Credit NASA/JPL-Caltech,"June 2, 2021","California, USA","Deep Space Atomic Clock. Better clocks, better navigation, better science.",2026-09-26T22:30:34,500,40.11,-9.98,-6.08,"[1, 3, 224, 224]",cpu,FV018_cropped.jpg,3.0,905.0,3508.0,33.64,-12.05,-11.07
FV019,55-cancri-e.jpg,./project/images/original/FV019_55-cancri-e.jpg,1500,2162,JPEG,,55 Cancri e - JPL Travel Poster,NASA/JPL,NASA/JPL,"Dec. 24, 2020","California, USA","A global ocean of lava under sparkling, silicate skies reflecting the lava below: what better choice for an extrreme vacation? Planet Janssen, or 55 Cancri e, orbits a star called Copernicus only 41 light years away. The molten surface is completely uninhabitable, but you'll ride safely above, taking in breathtaking views: the burning horizon, Janssen's sister planet Galileo hanging in a dark sky, and curtains of glowing particles as you glide across the terminator to Janssen's dark side. Book your travel now to the hottest vacation spot in the galaxy, 55 Cancri e.",2026-09-26T22:32:15,500,64.79,24.88,16.73,"[1, 3, 224, 224]",cpu,FV019_cropped.jpg,136.0,355.0,1225.0,56.57,35.65,22.12
FV020,space-colony-1.jpeg,./project/images/original/FV020_space-colony-1.jpeg,4448,5696,JPEG,,Exterior View of Toroidal Colony,NASA/Ames Research Center/Don Davis,Don Davis,"March 15, 1976","San Francisco Bay, California, USA","The outer hull of a wheel-like, mile-wide space habitat designed to hold roughly 10,000 residents. From 'Space Colony Artwork from the '70s' by NASA on The Commons.",2026-09-26T23:11:32,500,3.43,0.95,-1.74,"[1, 3, 224, 224]",cpu,FV020_cropped.jpg,505.0,952.0,3775.0,5.97,0.53,-0.59
FV021,space-colony-2.jpeg,./project/images/original/FV021_space-colony-2.jpeg,5726,3859,JPEG,,Space Colony Concept Agriculture,NASA/Ames Research Center/Rick Guidice,Rick Guidice,"April 18, 1978","San Jose, California, USA",Agricultural modules in a cutaway view (multiple toroids). This concept from a summer study done in 1977 depicts a closed loop life support system for long duration space settlements or space industrialization. From 'Space Colony Artwork from the '70s' by NASA on The Commons.,2026-09-26T23:16:27,500,44.09,3.68,4.22,"[1, 3, 224, 224]",cpu,FV021_cropped.jpg,204.0,220.0,3648.0,47.94,2.12,10.66
FV022,space-colony-3.jpeg,./project/images/original/FV022_space-colony-3.jpeg,4496,5716,JPEG,,Bernal Construction,NASA/Ames Research Center/Don Davis,Don Davis,"August 30, 1976","San Francisco Bay, California, USA",Construction crew at work on a Bernal Sphere space colony. From 'Space Colony Artwork from the '70s' by NASA on The Commons.,2026-09-26T23:34:38,500,62.07,-1.81,19.88,"[1, 3, 224, 224]",cpu,FV022_cropped.jpg,44.0,669.0,4401.0,61.92,-3.38,20.69
FV023,space-colony-4.jpeg,./project/images/original/FV023_space-colony-4.jpeg,5732,4515,JPEG,,Bernal Sphere Space Colony Concept,NASA/Ames Research Center/Rick Guidice,Rick Guidice,"July 2, 1976","San Jose, California, USA",Cutaway view of a Bernal Sphere space colony concept. From 'Space Colony Artwork from the '70s' by NASA on The Commons.,2026-09-26T23:39:16,500,29.07,4.45,3.82,"[1, 3, 224, 224]",cpu,FV023_cropped.jpg,556.0,245.0,4131.0,31.54,1.84,8.09
FV024,space-colony-5.jpeg,./project/images/original/FV024_space-colony-5.jpeg,5688,4109,JPEG,,Exterior View of the Bernal Sphere Space Colony Concept,NASA/Ames Research Center/Rick Guidice,Rick Guidice,"June 11, 1976","San Jose, California, USA","The residential area for this space colony concept is in the central sphere. Farming regions are in the 'tires.' Mirrors reflect sunlight into the habitat and farms. The large flat panels radiate away extra heat into space, and panels of solar cells provide electricity. Factories and docks for spaceships are at either end of the long central tube.",2026-09-26T23:45:55,500,21.55,3.64,3.41,"[1, 3, 224, 224]",cpu,FV024_cropped.jpg,1795.0,267.0,3851.0,25.47,3.4,3.92
FV025,space-colony-6.jpeg,./project/images/original/FV025_space-colony-6.jpeg,5716,4247,JPEG,,Bernal Interior,NASA/Ames Research Center/Rick Guidice,Rick Guidice,"April 1, 1976","San Jose, California, USA",The interior of a Bernal Sphere space colony concept. Inside the sphere gravity is strongest along the equator. As one moves toward the center gravity lessens and one could fly easily. Sunlight enters as shown by the large fuzzy ring. The central tube connects to other sections of the colony. From 'Space Colony Artwork from the '70s' by NASA on The Commons.,2026-09-26T23:50:21,500,48.56,1.04,12.95,"[1, 3, 224, 224]",cpu,FV025_cropped.jpg,1420.0,0.0,4229.0,50.89,0.75,12.91
FV026,space-colony-7.jpeg,./project/images/original/FV026_space-colony-7.jpeg,5670,4477,JPEG,,Bernal Sphere Concept Art,NASA/Ames Research Center/Roger Brimme,Roger Brimmer,"May 5, 1976","San Jose, California, USA.","Model of a Bernal Sphere. Population: 10,000. The Bernal Sphere is a point design with a spherical living area. From 'Space Colony Artwork from the '70s' by NASA on The Commons.",2026-09-26T23:54:00,500,10.98,0.6,-1.6,"[1, 3, 224, 224]",cpu,FV026_cropped.jpg,315.0,44.0,4086.0,15.89,0.32,-1.08
FV027,space-colony-8.jpeg,./project/images/original/FV027_space-colony-8.jpeg,4512,5728,JPEG,,Space Colony Concept Eclipse,NASA/Ames Research Center/Don Davis,Don Davis,"August 26, 1975","San Francisco Bay, California, USA",Eclipse of the sun with view of clouds and vegetation inside an L-5 Torus Sphere space colony concept.,2026-09-26T23:56:30,500,30.79,21.23,-8.37,"[1, 3, 224, 224]",cpu,FV027_cropped.jpg,4.0,1325.0,4385.0,32.65,20.04,-6.53
FV028,space-colony-9.jpeg,./project/images/original/FV028_space-colony-9.jpeg,600,473,JPEG,,Cylinder Endcap,NASA/Ames Research Center/Don Davis,Don Davis,1975,"San Francisco Bay, California, USA",Endcap view with suspension bridge. From 'Space Colony Artwork from the '70s' by NASA on The Commons.,2026-09-27T00:01:34,500,36.71,3.52,-7.73,"[1, 3, 224, 224]",cpu,FV028_cropped.jpg,76.0,20.0,438.0,32.41,2.99,-9.61
FV029,space-colony-10.jpeg,./project/images/original/FV029_space-colony-10.jpeg,5728,4187,JPEG,,Cylinder Space Colony Exterior,NASA/Ames Research Center/Rick Guidice,Rick Guidice,"May 27, 1975","San Jose, California, USA",Exterior view of a double cylinder space colony. From 'Space Colony Artwork from the '70s' by NASA on The Commons.,2026-09-27T00:15:16,500,28.92,3.4,0.29,"[1, 3, 224, 224]",cpu,FV029_cropped.jpg,0.0,0.0,4214.0,27.43,2.64,-0.12
FV030,space-colony-11.jpeg,./project/images/original/FV030_space-colony-11.jpeg,5732,4515,JPEG,,Cylinder Interior,NASA/Ames Research Center/Rick Guidice,Rick Guidice,"May 27, 1975","San Jose, California, USA",Interior view of a torus wheel space colony concept looking out through large windows. From 'Space Colony Artwork from the '70s' by NASA on The Commons.,2026-09-27T00:16:59,500,35.8,-3.43,19.26,"[1, 3, 224, 224]",cpu,FV030_cropped.jpg,1052.0,0.0,4507.0,37.5,-3.77,20.45
FV031,space-colony-12.jpeg,./project/images/original/FV031_space-colony-12.jpeg,5710,4507,JPEG,,Space Colonization Concept Illustration,NASA/Ames Research Center,NASA on The Commons,"August 26, 1975","California, USA","In this illustration of a space colony concept created in the 1970s, multiple two-cylinder colonies are aimed toward the Sun. From 'Space Colony Artwork from the '70s' by NASA on The Commons.",2026-09-27T00:21:34,500,7.28,0.55,-1.04,"[1, 3, 224, 224]",cpu,FV031_cropped.jpg,0.0,0.0,4510.0,9.11,0.39,-1.19
FV032,space-colony-13.jpeg,./project/images/original/FV032_space-colony-13.jpeg,5696,4496,JPEG,,Exterior View of Toroidal Colony,NASA/Ames Research Center/Don Davis,Don Davis,"March 15, 1976","San Francisco Bay, California, USA",Exterior View of Toroidal Colony. From 'Space Colony Artwork from the '70s' by NASA on The Commons.,2026-09-27T00:23:38,500,7.46,1.06,-0.51,"[1, 3, 224, 224]",cpu,FV032_cropped.jpg,1049.0,0.0,4552.0,8.94,0.93,-0.08
FV033,space-colony-14.jpeg,./project/images/original/FV033_space-colony-14.jpeg,5725,4517,JPEG,,Toroidal Space Colony Concept,NASA/Ames Research Center/Rick Guidice,Rick Guidice,"May 27, 1975","San Jose, California, USA","Cutaway view, exposing the interior. From 'Space Colony Artwork from the '70s' by NASA on The Commons.",2026-09-27T00:25:42,500,51.95,6.3,8.47,"[1, 3, 224, 224]",cpu,FV033_cropped.jpg,0.0,4.0,4506.0,48.23,5.41,7.76
FV034,space-colony-15.jpeg,./project/images/original/FV034_space-colony-15.jpeg,5737,4524,JPEG,,Torus Construction,NASA/Ames Research Center/Don Davis,Don Davis,"June 11, 1976","San Francisco Bay, California, USA","In this artist's concept for a torus space colony, large assemblies are shown being put together in space. On this part of the rim, panels of a colony are being fitted in place. The small vehicles are called ""Assembly Non-Tethered Ships"" (ANTS).",2026-09-27T00:27:45,500,34.72,-0.12,0.91,"[1, 3, 224, 224]",cpu,FV034_cropped.jpg,549.0,327.0,4220.0,40.48,-1.83,2.65
FV035,space-colony-16.jpeg,./project/images/original/FV035_space-colony-16.jpeg,5718,4525,JPEG,,Space Colony Concept - Torus Interior,NASA/Ames Research Center/Don Davis,Don Davis,"November 25, 1975","San Francisco Bay, California, USA",Torus Interior view. From 'Space Colony Artwork from the '70s' by NASA on The Commons.,2026-09-27T00:29:57,500,44.33,2.45,0.23,"[1, 3, 224, 224]",cpu,FV035_cropped.jpg,490.0,32.0,4174.0,43.56,1.93,-3.86
FV036,La_Journée_d’un_journaliste_américain_en_2889_by_George_Roux_1.jpg,./project/images/original/FV036_'La_Journée_d’un_journaliste_américain_en_2889'_by_George_Roux_1.jpg,730,526,JPEG,,La Journée d’un journaliste américain en 2889,Public Domain,George Roux.,November-December 1910,"Versailles, France","An illustration from Jules Verne's short story ""La Journée d’un journaliste américain en 2889"" (In the Year 2889)",2026-09-27T09:21:19,500,72.85,0.0,0.0,"[1, 3, 224, 224]",cpu,FV036_cropped.jpg,153.0,40.0,484.0,66.44,0.0,0.0
FV037,A_doctor_on_the_telephone_(which_is_linked_up_to_a_televisio_Wellcome_V0011546.jpg,./project/images/original/FV037_A_doctor_on_the_telephone_(which_is_linked_up_to_a_televisio_Wellcome_V0011546.jpg,3250,2155,JPEG,,A doctor on the telephone (which is linked up to a television screen),Public Domain/Wellcome Collection,D.L. Ghilchik,1932,"Botoșani, Romania",A doctor on the telephone (which is linked up to a television screen) to a patient whom he can both observe and talk to from a distance; representing possible technological innovations.,2026-09-27T09:27:12,500,52.03,2.09,11.41,"[1, 3, 224, 224]",cpu,FV037_cropped.jpg,654.0,41.0,1977.0,46.52,1.51,9.7
FV038,A_periscope_being_used_above_an_operation_which_is_projected_Wellcome_L0014356.jpg,./project/images/original/FV038_A_periscope_being_used_above_an_operation_which_is_projected_Wellcome_L0014356.jpg,1690,1114,JPEG,,A periscope being used above an operation,Wellcome Library/CC BY 4.0,W.R. Seton,~1920,"London, England",A periscope being used above an operation which is projected onto a lantern screen for a lecture in the adjoining room.,2026-09-27T09:32:30,500,48.08,1.54,-2.72,"[1, 3, 224, 224]",cpu,FV038_cropped.jpg,449.0,18.0,1068.0,45.43,1.74,-2.63
FV039,A-Vision-of-the-future-q85-1447x1326.jpg,./project/images/original/FV039_A-Vision-of-the-future-q85-1447x1326.jpg,1447,1326,JPEG,,A Vision of the Future,Public Domain,The Leisure Hour,"May, 1905","London, United Kingdom",An aërial motor-car from 'The Leisure Hour',2026-09-27T09:38:39,500,64.21,0.0,0.0,"[1, 3, 224, 224]",cpu,FV039_cropped.jpg,136.0,74.0,1234.0,61.98,0.0,0.0
FV040,Aerial_house3.jpg,./project/images/original/FV040_Aerial_house3.jpg,2859,4784,JPEG,,Maison tournante aérienne,Albert Robida,Library of Congress/,circa 1883,"Compiègne, France","Drawing shows a dwelling structure elevated above rooftops and designed to revolve and adjust in various directions. An occupant points to an airship with a fish-shaped bag in the sky lower right. One of the artist's conceptions for his book on life in the upcoming twentieth century. (Source: A.G. Renstrom, LC staff, 1981-82.) ink over graphite underdrawing.",2026-09-27T09:42:17,500,76.64,0.0,0.0,"[1, 3, 224, 224]",cpu,FV040_cropped.jpg,47.0,1091.0,2788.0,71.62,0.0,0.0
FV041,"Bundesarchiv_Bild_102-11217,_Entwurf_eines_Ozeanexpresses.jpg","./project/images/original/FV041_Bundesarchiv_Bild_102-11217,_Entwurf_eines_Ozeanexpresses.jpg",800,763,JPEG,,Entwurf eines Ozeanexpresses,"Bundesarchiv, Bild 102-11217 / CC-BY-SA 3.0","Unknown,  based on plans by A. Benz",February 1931,"Koblenz, Germany","The ocean giant in the year 2000.An interesting project for a floating ocean express in the year 2000, based on plans by the German engineer A. Benz. The ocean express, which is equipped in the most luxurious manner, would manage the Hamburg - New York route in 40 hours.The giant of the ocean in the year 2000, according to the plans of the German engineer A. Benz.",2026-09-27T09:51:22,500,53.32,0.0,0.0,"[1, 3, 224, 224]",cpu,FV041_cropped.jpg,9.0,0.0,732.0,53.03,0.0,0.0
FV042,"Bundesarchiv_Bild_102-13577,_Entwurf_eines_Wüstenschiffs,_Zeichnung.jpg","./project/images/original/FV042_Bundesarchiv_Bild_102-13577,_Entwurf_eines_Wüstenschiffs,_Zeichnung.jpg",800,463,JPEG,,"Entwurf eines Wüstenschiffs, Zeichnung","Bundesarchiv, Bild 102-13577 / CC-BY-SA 3.0","Unknown, based on plan by Johann Christoph Bischoff",1932,"Kiel, Germany","The world of the future! The desert ship, a project by German engineer Bischoff, can carry 300 passengers through the most remote deserts and regions in the highest comfort. The vehicle can carry water, food, and fuel to last for months. A journey through the Gobi Desert or the Sahara would become a minor matter with this. Bischoff spent about four years developing this multi-decked land-liner concept starting around 1927, even filing patents for it globally.",2026-09-27T09:59:29,500,74.12,0.0,0.0,"[1, 3, 224, 224]",cpu,FV042_cropped.jpg,260.0,3.0,461.0,69.26,0.0,0.0
FV043,Caricature_1828.jpg,./project/images/original/FV043_Caricature_1828.jpg,2229,1618,JPEG,,Caricature 1828,Public Domain,Die Technik: Von den Anfängen bis zur Gegenwart,1828,"Braunschweig, Germany","Early example of retrofuturism, capturing a 19th-century satirical vision of future city transport and technology. From Die Technik: Von den Anfängen bis zur Gegenwart (translated as Technology: From the Beginnings to the Present) is a highly regarded German history of technology textbook and reference work published in 1982 by the Georg Westermann Verlag .Edited by two prominent German technology historians, Prof. Dr. Ulrich Troitzsch and Prof. Dr. Wolfhard Weber, the book serves as a comprehensive, encyclopedic overview of human technological advancement.",2026-09-27T10:06:52,500,55.19,4.55,16.56,"[1, 3, 224, 224]",cpu,FV043_cropped.jpg,547.0,18.0,1620.0,56.29,5.13,17.53
FV044,Cartoon_dynamo.jpg,./project/images/original/FV044_Cartoon_dynamo.jpg,1000,1343,JPEG,,Cartoon Dynamo,Public Domain,HT Webster,1923,"New York City, USA","Cartoon joking about 2023 when electric machines can create art so that the artist can rest. It was originally created as an editorial comic for the New York World newspaper. Titled ""In the year 2023 when all our work is done by electricity,"" it famously depicted an automated ""Idea Dynamo"" and ""Cartoon Dynamo"" cranking out drawings so the human artist could lounge on the phone and plan a salmon fishing trip.",2026-09-27T10:14:20,500,80.57,0.18,7.76,"[1, 3, 224, 224]",cpu,FV044_cropped.jpg,29.0,21.0,964.0,79.72,0.38,7.69
FV045,"Diagnosis_By_Radio,_1925_(telemedicine).jpeg","./project/images/original/FV045_Diagnosis_By_Radio,_1925_(telemedicine).jpeg",750,733,JPEG,,"Diagnosis By Radio, 1925 (Telemedicine)",Public Domain,Science and Invention magazine,"1 February, 1925","New York City, United States","Cover of the February, 1925 issue of 'Science and Invention' magazine. The Teledactyl (Tele, far; Dactyl, finger — from the Greek) is a future instrument by which it will be possible for us to “feel at a distance.” This idea is not at all impossible, for the instrument can be built today with means available right now. It is simply the well known telautograph, translated into radio terms, with additional refinements. The doctor of the future, by means of this instrument, will be able to feel his patient, as it were, at a distance….The doctor manipulates his controls, which are then manipulated at the patient’s room in exactly the same manner. The doctor sees what is going on in the patient’s room by means of a television screen. Here we see the doctor of the future at work, feeling the distant patient’s arm. Every move that the doctor makes with the controls is duplicated by radio at a distance. Whenever the patient’s teledactyl meets with resistance, the doctor’s distant controls meet with the same resistance. The distant controls are sensitive to sound and heat, all important to future diagnosis.",2026-09-27T10:19:18,500,61.44,3.13,4.5,"[1, 3, 224, 224]",cpu,FV045_cropped.jpg,31.0,81.0,638.0,61.11,3.49,4.65
FV046,Diesel_Forces.jpg,./project/images/original/FV046_Diesel_Forces.jpg,770,972,JPEG,,Diesel Forces,Creative Commons Attribution-Share Alike 3.0 Unported,Stefan Prohaczka,"24 May, 2010","Paris, France",This work was dedicated by the artist Stefan Prohaczka in the development of an article. The artist also posted this at http://www.dieselpunks.org/profiles/blogs/diesel-forces,2026-09-27T10:22:20,500,43.69,4.13,0.01,"[1, 3, 224, 224]",cpu,FV046_cropped.jpg,4.0,156.0,735.0,42.74,4.03,0.95
FV047,Flying-Cars-of-the-Future.png,./project/images/original/FV047_Flying-Cars-of-the-Future.png,760,340,PNG,,Flying Cars of the Future envisioned in 1913,Public Domain,Harvey Wiley Corbett,"1 February, 1913","New York City, United States","The illustration titled Flying Cars of the Future envisioned in 1913, created by the prominent American modernist architect Harvey Wiley Corbett. Originally titled City of the Future (1913), even though the visual focus is overwhelmingly on early aviation concepts, planes, and flying vehicles navigating the sky, it remains one of Corbett’s definitive early theoretical drawings. It captured his pioneering vision of a highly dense, vertical metropolis where aerial transit would eventually weave directly between towering skyscrapers.",2026-09-27T10:31:35,500,85.6,0.0,0.0,"[1, 3, 224, 224]",cpu,FV047_cropped.jpg,82.0,0.0,347.0,77.81,0.0,0.0
FV048,Franke-Reade_WhiteCruiser_1902.jpg,./project/images/original/FV048_Franke-Reade_WhiteCruiser_1902.jpg,670,900,JPEG,,White Cruiser of the Clouds,Public Domain,Frank Reade Weekly Magazine,"October 31, 1902","New York City, United States","The title page illustration ""White Cruiser of the clouds"" from the Frank Reade Weekly Magazine. The magazine was a popular dime-novel series featuring futuristic steam and electric inventions, published by Frank Tousey, whose printing and publishing house was located at Union Square in New York City.",2026-09-27T10:38:10,500,61.75,-0.67,17.23,"[1, 3, 224, 224]",cpu,FV048_cropped.jpg,69.0,330.0,489.0,65.31,-7.36,19.35
FV049,GER_—_Sachsen_—_Dresden_—_Augustusstraße_1_(Verkehrsmuseum)_Mattes_2022-03-24_Batch_(77).jpg,./project/images/original/FV049_GER_—_Sachsen_—_Dresden_—_Augustusstraße_1_(Verkehrsmuseum)_Mattes_2022-03-24_Batch_(77).jpg,3175,918,JPEG,,Ideenskizze eines Schwingenapparates von Ignazio Teodoro Capretti,Creative Commons Attribution-Share Alike 3.0 Unported,Ignazio Teodoro Capretti,1877,"Milan, Italy","The original 1877 concept illustration Ideenskizze eines Schwingenapparates by the Italian inventor Ignazio Teodoro Capretti is tied to a few key locations. The inventor was Italian, and his design (L'uomo volante) was famously published as an engraving in the popular magazine L'Illustrazione Italiana in November 1877, which was printed in Milan, Italy. Current Archive Location: Dresden, Germany. A prominent historical copy and display of this blueprint sketch is held by the Dresden Transport Museum.",2026-09-27T10:42:15,500,46.24,-0.19,4.99,"[1, 3, 224, 224]",cpu,FV049_cropped.jpg,349.0,9.0,920.0,38.89,-0.07,4.2
FV050,King'sViewsNewYorkCoverDelineatorRichardRummellEd_Moses_King1911.png,./project/images/original/FV050_King'sViewsNewYorkCoverDelineatorRichardRummellEd_Moses_King1911.png,692,1097,PNG,,"Future New York, The City of Skyscrapers",Public Domain,Richard Rummel,1911,"New York, USA","Futuristic view of New York, drawn at the beginning of the 20th century by Richard Rummel, published in 1911 on the cover of the American newspaper The Delineator. Rummel is an illustrator who is particularly known for his drawings and watercolors of urban views, university campuses and architecture. This drawing could have been inspired by those of Albert Robida or Louis Biderman (ex: prospective and futuristic view of New York in 1999, drawn a century earlier in 1899). Journal The Delineator USA (couverture), in King's Views New York.",2026-09-27T10:45:39,500,51.56,0.17,6.1,"[1, 3, 224, 224]",cpu,FV050_cropped.jpg,34.0,108.0,637.0,49.89,-1.46,4.51
FV051,March_of_Intellect_n°2.jpg,./project/images/original/FV051_March_of_Intellect_n°2.jpg,1200,860,JPEG,,March of Intellect No. 2,Public Domain,William Heath,1829,"London, United Kingdom",A hand-coloured satire designed to lampoon the contemporary social and technological shifts happening in 19th-century British society.,2026-09-27T10:51:11,500,62.32,3.3,7.11,"[1, 3, 224, 224]",cpu,FV051_cropped.jpg,102.0,37.0,758.0,60.08,2.62,5.53
FV052,"Micro_Cupol_microwave_oven,_designed_in_1969_by_Carl-Arne_Breger,_Husqvarna,_c._1973_-_Tekniska_museet_-_Stockholm,_Sweden_-_DSC01505.jpeg","./project/images/original/FV052_Micro_Cupol_microwave_oven,_designed_in_1969_by_Carl-Arne_Breger,_Husqvarna,_c._1973_-_Tekniska_museet_-_Stockholm,_Sweden_-_DSC01505.jpeg",3648,5472,JPEG,,Micro Cupol,Creative Commons CC0 1.0 Universal Public Domain Dedication,Carl-Arne Breger,1969,"Trelleborg, Sweden","The Micro Cupol (also launched as the Husqvarna Electronic 2000) is one of the world's most iconic and radically designed vintage microwave ovens. Designer: Created by the legendary Swedish industrial designer Carl-Arne Breger, who was famously nicknamed ""Mr. Plastic"" in post-war Sweden for his groundbreaking work with consumer goods and polymers.Manufacturer: Produced by Husqvarna Vapenfabrik AB in Sweden, a company famously known for its 400-year history spanning weapons manufacturing, sewing machines, and outdoor power products.Design & Concept (1969): Breger penned the design in 1969. Breaking completely away from the standard square, boxy appliance look, it featured a futuristic, space-age shiny steel dome/cupola that completely covered the food on a ceramic plate.Production & Market Release (c. 1973): Although conceived in the late 60s, it hit the consumer market around 1973. It was one of the earliest microwave ovens intended for private households in Sweden. Unfortunately, the European consumer market wasn't ready for microwave technology at the time, making it a commercial failure but a massive design triumph.",2026-09-27T10:56:04,500,65.31,-1.48,14.47,"[1, 3, 224, 224]",cpu,FV052_cropped.jpg,0.0,332.0,3648.0,61.52,-1.0,16.55
FV053,Perth_in_2029.jpg,./project/images/original/FV053_Perth_in_2029.jpg,336,500,JPEG,,Perth in 2029. A Bicentennial Dream.,Public Domain,Western Mail,1929,"Perth, Australia","A 1929 artist's conception of what Perth would look like in 2029 - Western Mail Centenary Issue ""2029 Perth"".",2026-09-27T11:13:45,500,73.43,0.0,0.0,"[1, 3, 224, 224]",cpu,FV053_cropped.jpg,7.0,44.0,314.0,72.41,0.0,0.0
FV054,Popular_Mechanics_-_1928_04_-_Cover.png,./project/images/original/FV054_Popular_Mechanics_-_1928_04_-_Cover.png,1280,1859,PNG,,The Motor Sled,Public Domain,"M. G. Gundlach, Popular Mechanics",April 1928,"Chicago, United States","Front cover of Popular Mechanics, April 1928.   Propeller-driven motor sled on the ice, a futuristic propeller-driven motor sled racing across ice and water.  Created by M. G. Gundlach, a prominent commercial artist who illustrated numerous iconic, detailed covers for Popular Mechanics during the 1920s and 1930s. Heavily promoted a feature article titled ""An All-Electric Set"" on page 655. It also highlighted stories about new mechanical innovations, cars, and motorcycles.",2026-09-27T11:29:17,500,65.42,3.4,2.99,"[1, 3, 224, 224]",cpu,FV054_cropped.jpg,4.0,565.0,1206.0,58.07,1.81,0.49
FV055,Popular_Mechanics_-_1928_07_-_Cover.png,./project/images/original/FV055_Popular_Mechanics_-_1928_07_-_Cover.png,1280,1891,PNG,,The Ship That Swallows Trains,Public Domain,Popular Mechanics,July 1928,"Chicago, USA","Front cover of Popular Mechanics, July 1928. The cover illustration is officially titled ""The Ship That Swallows Trains"" (frequently referenced in archival indexes as a train ferry or sea-going railway car ferry). The artwork showcases an immense maritime transport ship with its hull wide open, directly swallowing and loading an entire full-sized steam locomotive and its passenger cars from a coastal rail track into its lower vehicular deck.",2026-09-27T11:37:55,500,54.36,3.58,9.01,"[1, 3, 224, 224]",cpu,FV055_cropped.jpg,0.0,661.0,1183.0,43.85,2.53,9.78
FV056,Popular_science_monthly_(1872)_(14779856571).jpg,./project/images/original/FV056_Popular_science_monthly_(1872)_(14779856571).jpg,1562,2230,JPEG,,Watching a Battle Through a Super-Periscope,Public-Domain,Popular Science Monthly,1872,"New York City, USA","The image depicts a dramatic World War I military technology concept. The text accompanying the graphic describes a giant German trench-periscope built by Zeiss of Jena, which had been captured by French forces during the battles of the Somme. The device used a collapsible mechanical tube that could stand 50 feet high without support, or extend up to 85 feet using stabilising cables.",2026-09-27T11:44:24,500,62.19,-3.82,13.05,"[1, 3, 224, 224]",cpu,FV056_cropped.jpg,0.0,208.0,1562.0,61.86,-3.96,12.74
FV057,"Rudolf_Heinisch,_Zukunftsvision_Frankfurt_am_Main,_1925.jpg","./project/images/original/FV057_Rudolf_Heinisch,_Zukunftsvision_Frankfurt_am_Main,_1925.jpg",1459,2092,JPEG,,Zukunftsvision Frankfurt am Main,Creative Commons Attribution-Share Alike 3.0 Unported,Rudolf Heinisch,~1925,"Frankfurt am Main, Germany","Zukunftsvision Frankfurt am Main, ca. 1925, Federzeichnung (translated as Vision of the Future of Frankfurt am Main). The piece is a classic work of German Expressionist retrofuturism. It presents a stylized, sprawling topographical view and town panorama of Frankfurt during the winter, reimagining the historical cityscape with architectural shifts of the 1920s modern tech era",2026-09-27T11:48:18,500,54.89,4.39,16.51,"[1, 3, 224, 224]",cpu,FV057_cropped.jpg,50.0,121.0,1362.0,49.0,2.81,13.43
FV058,ShanghaiPlanNine.jpg,./project/images/original/FV058_ShanghaiPlanNine.jpg,400,540,JPEG,,"Plan 9 from Outer Space, Radisson Blu Hotel Shanghai New World",Creative Commons ShareAlike 1.0,Leonard G.,"September 29, 2002","Shanghai, China","The photographer nicknamed the shot ""Plan 9 from Outer Space"" because the metallic, saucer-shaped crown of the skyscraper evokes the campy, paper-plate flying saucers from Ed Wood Jr.’s infamous 1957 cult sci-fi film Plan 9 from Outer Space",2026-09-27T11:53:08,494,77.01,-6.81,0.6,"[1, 3, 224, 224]",cpu,FV058_cropped.jpg,0.0,70.0,394.0,75.65,-7.1,0.73
FV059,Stereoanlage_Vision_2000.jpg,./project/images/original/FV059_Stereoanlage_Vision_2000.jpg,972,1296,JPEG,,Stereoanlage Vision 2000 (Vision 2000 Stereo System),CC BY 2.5,Thilo Oerke,1971,"Munich, Germany","Moving completely away from the boring wood-veneer boxes typical of 1960s hi-fi systems, Oerke designed a stunning, futuristic white plastic sphere mounted on a sleek chrome pedestal. The top half features a dark, smoky acrylic glass dome that flips open to reveal an integrated radio tuner and a Philips cassette deck or record player. It perfectly captures the space-obsessed ""Futuro"" aesthetic popular following the Apollo moon landings.",2026-09-27T11:58:05,500,71.03,1.29,1.88,"[1, 3, 224, 224]",cpu,FV059_cropped.jpg,7.0,44.0,960.0,69.98,1.43,3.22
FV060,Stollwerck_1898_Im_Jahre_2000._Ein_Reisehotel.jpg,./project/images/original/FV060_Stollwerck_1898_Im_Jahre_2000._Ein_Reisehotel.jpg,900,484,JPEG,,Im Jahre 2000. Ein Reisehotel.,Public Domain,Gebrüder Stollwerck,1898,"Cologne, Germany","Im Jahre 2000. Ein Reisehotel (translated as In the Year 2000: A Traveling Hotel).  This artwork was commissioned as part of Serie 31 (Im Jahre 2000), a famous set of 12 retrofuturistic trade cards produced to look exactly 100 years into the future. The card shows a massive, multi-story Victorian-style brick structure built onto a giant wheeled train-chassis platform. It reimagined luxury hospitality by allowing a complete grand hotel to mobilize across railroad tracks, carrying vacationers to different destinations without forcing them to change rooms. The card was created for and distributed by the Gebrüder Stollwerck chocolate factory (Schokoladen-Fabrik Gebr. Stollwerck, Köln), which was headquartered in Cologne.",2026-09-27T12:08:06,500,59.25,-2.14,12.13,"[1, 3, 224, 224]",cpu,FV060_cropped.jpg,444.0,60.0,357.0,63.19,-2.9,11.15
FV061,Telephonoscope.jpg,./project/images/original/FV061_Telephonoscope.jpg,1186,850,JPEG,,Almanack for 1879,Public Domain,George Du Maurier,"9 December, 1878","London, United Kingdom","Early television/videophone concept, a forecast (almanac) for 1879, posted in the December 9th, 1878 issue of Punch. Punch Magazine cartoon print: Edison's Telephonoscope (transmits light as well as sound). (Every evening, before going to bed, Pater- and Materfamilias set up an electric camera-obscura over their bedroom mantel-piece, and gladden their eyes with the sight of their children at the Antipodes, and converse gaily with them through the wire.). Paterfamilias (in Wilton Place): 'Beatrice, come closer, I want to whisper.' Beatrice (from Ceylon): 'Yes, Papa dear.' Paterfamilias: 'Who is that charming young lady playing on Charlie's side?' Beatrice: 'She's just come over from England, Papa. I'll introduce you to her as soon as the game's over?' George du Maurier's cartoon of 'an electric camera-obscura' is often cited as an early prediction of television and also anticipated the videophone, in wide screen formats and flat screens. The screen is approximately 2 metres wide and appears to have an aspect ratio of 2.7:1, the same as Ultra Panavision.",2026-09-27T12:12:36,500,56.79,-1.97,6.14,"[1, 3, 224, 224]",cpu,FV061_cropped.jpg,132.0,91.0,638.0,46.74,-1.79,4.85
FV062,Tom_Swift_Photo_Telephone_Fpiece.jpg,./project/images/original/FV062_Tom_Swift_Photo_Telephone_Fpiece.jpg,1074,1675,JPEG,,Tom Swift and His Photo Telephone,Public Domain,Walter S. Rogers,1914,"New York City, USA","Depicts the young protagonist and genius inventor, Tom Swift, successfully testing his early concept of a television/videophone system (the ""Photo-Telephone"") inside a spacious open workshop. He is staring in amazement at a glowing plate showcasing a remote visual projection of his friend, Ned Newton. Book Details: This illustration serves as the opening plate for Volume 17 of the original Tom Swift boys' science fiction adventure series. The novel was written pseudonymously under the name Victor Appleton (ghostwritten by Howard R. Garis for the Stratemeyer Syndicate) and published by Grosset & Dunlap.",2026-09-27T12:15:38,500,15.73,0.0,0.0,"[1, 3, 224, 224]",cpu,FV062_cropped.jpg,14.0,206.0,1017.0,18.6,0.0,0.0
FV063,Haskovo_Futurism.jpg,./project/images/original/FV063_Haskovo_Futurism.jpg,428,275,JPEG,,Хасково в бъдещето (translated as Haskovo in the Future),Public Domain,"Unknown, Collection of Национална библиотека на България",~1900–1915,"Haskovo, Bulgaria","The artwork is an early example of Bulgarian retrofuturism. It features a whimsical reimagining of the town square of Haskovo, filling the skies and streets with predicted technological marvels, such as early flying machines, zeppelins, overhead wire-transit systems, and futuristic local citizens interacting with automated transport.",2026-09-27T12:19:54,494,57.85,-3.18,21.01,"[1, 3, 224, 224]",cpu,FV063_cropped.jpg,77.0,9.0,257.0,63.75,-2.7,24.08
FV064,The_Modern_Boy_1928-11-17.jpg,./project/images/original/FV064_The_Modern_Boy_1928-11-17.jpg,838,1256,JPG,,The Modern Boy,Public Domain,The Modern Boy,"17 November, 1928","London, United Kingdom","Cover of The Modern Boy, Issue No. 40, 17 November 1928. The cover depicts an impossible, retro-futuristic ""land ship"", a massive, ocean liner-sized cruise train mounted on giant wheels navigating through an arid landscape.",2026-09-27T12:23:00,500,55.22,1.08,7.2,"[1, 3, 224, 224]",cpu,FV064_cropped.jpg,19.0,312.0,759.0,47.14,0.06,2.1
